{
 "nodes": [
 {
 "id": "Arginine biosynthesis",
"label": "Arginine biosynthesis",
"size":  26.4375,
"color": "#FF0000",
"x": 231.6983,
"y": 239.5896 
},
{
 "id": "Aminoacyl-tRNA biosynthesis",
"label": "Aminoacyl-tRNA biosynthesis",
"size": 12.13242,
"color": "#FF0E00",
"x": 230.1268,
"y": 241.7763 
},
{
 "id": "D-Glutamine and D-glutamate metabolism",
"label": "D-Glutamine and D-glutamate metabolism",
"size": 39.56307,
"color": "#FF1C00",
"x": 234.7055,
"y":  243.519 
},
{
 "id": "Nitrogen metabolism",
"label": "Nitrogen metabolism",
"size": 39.56307,
"color": "#FF2A00",
"x": 231.0473,
"y": 240.1627 
},
{
 "id": "Valine, leucine and isoleucine biosynthesis",
"label": "Valine, leucine and isoleucine biosynthesis",
"size": 30.43484,
"color": "#FF3900",
"x": 237.3899,
"y":  240.844 
},
{
 "id": "Alanine, aspartate and glutamate metabolism",
"label": "Alanine, aspartate and glutamate metabolism",
"size": 10.84314,
"color": "#FF4700",
"x": 233.2639,
"y": 246.3302 
},
{
 "id": "Glyoxylate and dicarboxylate metabolism",
"label": "Glyoxylate and dicarboxylate metabolism",
"size": 9.849315,
"color": "#FF5500",
"x": 236.3115,
"y": 245.4264 
},
{
 "id": "Riboflavin metabolism",
"label": "Riboflavin metabolism",
"size": 30.39726,
"color": "#FF6300",
"x": 234.9853,
"y": 246.3872 
},
{
 "id": "Pyrimidine metabolism",
"label": "Pyrimidine metabolism",
"size": 8.633803,
"color": "#FF7100",
"x": 237.7846,
"y": 242.4887 
},
{
 "id": "Valine, leucine and isoleucine degradation",
"label": "Valine, leucine and isoleucine degradation",
"size": 8.479452,
"color": "#FF8000",
"x": 231.7634,
"y": 245.7747 
},
{
 "id": "Ascorbate and aldarate metabolism",
"label": "Ascorbate and aldarate metabolism",
"size": 16.71742,
"color": "#FF8E00",
"x": 234.1824,
"y": 241.9935 
},
{
 "id": "Taurine and hypotaurine metabolism",
"label": "Taurine and hypotaurine metabolism",
"size": 16.71742,
"color": "#FF9C00",
"x": 230.7736,
"y": 244.6208 
},
{
 "id": "Caffeine metabolism",
"label": "Caffeine metabolism",
"size": 13.97695,
"color": "#FFAA00",
"x": 236.3965,
"y":  243.429 
},
{
 "id": "Phenylalanine metabolism",
"label": "Phenylalanine metabolism",
"size": 13.97695,
"color": "#FFB800",
"x": 234.9691,
"y": 240.2922 
},
{
 "id": "Purine metabolism",
"label": "Purine metabolism",
"size": 6.378378,
"color": "#FFC600",
"x": 233.1868,
"y": 240.6254 
},
{
 "id": "Butanoate metabolism",
"label": "Butanoate metabolism",
"size": 10.29927,
"color": "#FFD500",
"x": 234.7862,
"y": 238.7728 
},
{
 "id": "Histidine metabolism",
"label": "Histidine metabolism",
"size": 9.849315,
"color": "#FFE300",
"x": 234.5132,
"y": 245.0434 
},
{
 "id": "Pentose and glucuronate interconversions",
"label": "Pentose and glucuronate interconversions",
"size": 9.097561,
"color": "#FFF100",
"x": 232.2837,
"y": 243.1443 
},
{
 "id": "Glutathione metabolism",
"label": "Glutathione metabolism",
"size": 6.921569,
"color": "#FFFF00",
"x": 237.4648,
"y": 244.3428 
},
{
 "id": "Inositol phosphate metabolism",
"label": "Inositol phosphate metabolism",
"size": 6.663004,
"color": "#FFFF15",
"x": 230.2859,
"y": 243.2853 
},
{
 "id": "Porphyrin and chlorophyll metabolism",
"label": "Porphyrin and chlorophyll metabolism",
"size": 6.663004,
"color": "#FFFF40",
"x": 231.7141,
"y": 241.7625 
},
{
 "id": "Arginine and proline metabolism",
"label": "Arginine and proline metabolism",
"size": 5.890173,
"color": "#FFFF6A",
"x": 236.3703,
"y":  239.591 
},
{
 "id": "Tyrosine metabolism",
"label": "Tyrosine metabolism",
"size": 5.610966,
"color": "#FFFF95",
"x": 232.7869,
"y": 244.5819 
},
{
 "id": "Primary bile acid biosynthesis",
"label": "Primary bile acid biosynthesis",
"size": 5.386635,
"color": "#FFFFBF",
"x": 233.2307,
"y":  238.888 
},
{
 "id": "Steroid hormone biosynthesis",
"label": "Steroid hormone biosynthesis",
"size": 4.290323,
"color": "#FFFFEA",
"x": 236.1232,
"y": 241.7119 
} 
],
"edges": [ {
 "id": "1",
"source": "Arginine biosynthesis",
"target": "Nitrogen metabolism" 
} ] 
}